id,customer_id,item_id,delivery_address_id,time
1,236,170,735,6/23/2015
2,166,983,,12/21/1993
3,17,58,,7/25/2007
4,238,359,,5/29/2004
5,942,295,208,5/21/2010
6,405,598,,3/23/2000
7,292,936,,2/7/1998
8,608,325,,5/28/2014
9,916,94,,7/12/2017
10,293,887,,11/12/2000
11,378,329,,5/24/2005
12,277,831,133,3/9/2022
13,19,410,,5/18/2015
14,978,578,888,1/14/1994
15,310,898,476,11/7/2006
16,161,101,,12/6/2001
17,414,633,933,5/11/1994
18,290,223,921,3/10/1996
19,964,630,951,3/30/2022
20,128,740,,12/28/2001
21,978,107,,3/14/2013
22,75,169,,11/13/2021
23,73,698,,9/21/1996
24,247,142,,6/29/2009
25,207,152,569,5/27/2010
26,367,748,,3/8/2018
27,468,457,,2/8/2013
28,805,922,,9/13/2000
29,847,9,,8/20/2014
30,42,588,149,11/14/2016
31,146,772,,12/18/2016
32,154,316,,6/6/1999
33,224,269,,1/27/1996
34,126,852,,10/4/2007
35,309,804,279,5/7/2001
36,239,85,,12/19/2004
37,406,169,,2/25/2017
38,826,119,,12/2/1992
39,145,182,462,1/26/1996
40,609,183,358,5/27/2015
41,373,525,,7/16/1993
42,784,101,370,3/11/2000
43,833,523,,5/31/2022
44,735,11,151,10/23/2011
45,999,418,,3/12/2010
46,431,184,,12/17/2019
47,821,718,,5/30/1995
48,163,986,937,12/26/2011
49,75,70,323,12/2/2009
50,207,745,,9/26/2002
51,961,448,516,1/10/2008
52,347,94,,10/8/1991
53,720,878,353,11/16/2012
54,49,78,145,11/6/2004
55,866,472,905,2/4/1998
56,254,94,802,3/2/2006
57,447,499,,3/20/1993
58,735,854,,3/13/2005
59,927,527,,10/16/2006
60,439,368,,4/19/2005
61,756,685,,7/3/2015
62,297,655,,12/21/1996
63,516,317,,2/28/1996
64,151,430,,5/8/2018
65,130,390,,5/19/2007
66,34,376,,6/6/2010
67,802,663,,5/8/2009
68,927,456,,4/18/1997
69,329,602,626,11/20/2021
70,745,295,887,4/29/2014
71,640,47,,1/17/2009
72,242,175,,5/30/2017
73,56,223,,8/28/2019
74,331,678,532,11/12/2009
75,498,777,,6/4/2002
76,608,102,,1/12/2020
77,724,201,,5/31/1993
78,957,726,,9/16/2001
79,754,574,457,11/12/2013
80,676,881,,3/1/1992
81,733,669,,11/15/2015
82,108,94,371,12/20/2019
83,416,868,,8/6/2008
84,511,361,,8/14/2008
85,581,750,,3/13/2018
86,784,925,,10/5/2014
87,503,329,,1/21/1994
88,429,619,,1/5/2009
89,691,62,,10/1/1995
90,547,386,817,7/15/2012
91,776,431,809,8/3/1991
92,146,337,,3/8/2001
93,301,329,,8/23/2014
94,742,222,,1/22/2012
95,413,426,,9/4/1999
96,318,866,,12/27/2019
97,164,993,,10/8/2002
98,426,374,,1/16/2005
99,920,693,,1/15/2020
100,788,933,,9/19/1995
101,517,375,,8/10/2008
102,98,321,,9/19/1994
103,845,498,,12/20/2015
104,775,279,,2/11/2021
105,665,755,,1/22/1994
106,560,150,,8/8/2009
107,694,114,571,4/9/2021
108,701,773,,11/19/2012
109,498,981,,12/9/2013
110,48,929,,2/14/2018
111,515,43,,10/17/2016
112,193,961,425,6/23/2013
113,81,414,,7/27/1992
114,920,376,,9/10/2002
115,108,347,,10/8/2021
116,644,15,,7/10/1997
117,18,141,98,7/2/2012
118,22,634,,2/8/2000
119,44,258,46,6/30/2000
120,176,317,,10/1/2019
121,737,344,497,1/27/1999
122,829,217,,3/17/1995
123,664,817,,12/10/1996
124,477,602,,2/13/2004
125,111,961,,5/13/1996
126,23,959,,3/27/2007
127,600,348,582,4/6/2007
128,369,906,,10/14/2008
129,951,817,13,8/3/2008
130,365,14,,12/15/2014
131,861,203,,3/1/2012
132,200,708,839,12/8/2020
133,607,630,,7/12/2018
134,72,392,,6/19/2004
135,466,127,,8/23/1996
136,376,481,,4/6/2003
137,941,370,742,9/14/2018
138,977,384,,8/3/2003
139,841,756,368,12/25/2008
140,468,301,,12/24/2009
141,436,887,,1/10/2002
142,935,941,,12/31/2005
143,717,766,,5/5/2013
144,741,374,,12/25/2011
145,879,478,,6/14/2020
146,961,703,219,5/11/2005
147,316,611,211,12/20/2019
148,610,167,,7/19/1996
149,347,274,,12/3/2003
150,642,41,,8/22/2008
151,971,646,947,4/8/2015
152,460,597,346,9/18/2000
153,437,526,,5/29/1993
154,544,427,,5/23/2008
155,114,216,,6/27/2016
156,109,442,,8/3/1992
157,278,109,,7/14/1996
158,669,13,895,6/3/2002
159,66,341,,5/15/2016
160,856,976,,3/30/1997
161,766,994,,1/22/2000
162,153,140,696,7/24/2016
163,4,96,,9/16/1992
164,593,101,,5/26/2004
165,59,511,,5/30/2014
166,518,335,,9/5/1996
167,947,546,5,4/25/2005
168,820,438,146,11/13/2015
169,451,14,30,7/14/2002
170,236,64,,11/20/1994
171,227,461,867,12/17/2011
172,216,474,951,11/26/2010
173,742,395,,11/13/2008
174,429,681,,1/1/2008
175,949,169,,9/2/2014
176,814,214,772,8/22/2012
177,666,36,,7/27/2011
178,567,671,,6/26/2012
179,157,750,,10/3/2018
180,62,123,,11/26/2011
181,857,657,,11/30/2012
182,600,976,,12/28/2012
183,604,348,,9/24/2021
184,143,925,249,8/22/2018
185,410,706,508,11/4/1995
186,91,930,,3/25/2010
187,998,696,472,2/20/2010
188,828,421,,5/24/2015
189,131,697,,1/5/2017
190,465,233,591,1/29/2001
191,469,576,,2/9/2017
192,963,593,,11/10/2005
193,546,920,,7/12/2018
194,804,410,,6/25/2007
195,394,494,,3/9/1999
196,227,756,,12/4/2009
197,972,484,,1/30/2016
198,939,283,169,2/9/2001
199,182,907,793,9/25/1991
200,530,681,,7/10/2017
201,213,647,,1/6/2005
202,628,355,,5/4/2022
203,138,251,,2/15/2002
204,150,789,,12/28/2020
205,852,662,,5/3/2000
206,202,487,,2/3/2013
207,701,830,825,7/14/2013
208,676,551,,6/21/2012
209,178,706,,12/8/2010
210,790,221,393,4/20/2004
211,79,184,427,12/24/2003
212,61,654,,3/22/1999
213,655,916,,11/24/1993
214,519,925,,8/24/2019
215,198,622,620,5/6/2016
216,280,147,,11/3/2003
217,88,516,19,7/18/1997
218,848,703,679,9/28/2017
219,408,669,,1/23/2012
220,987,615,,3/2/2014
221,697,193,,10/17/2003
222,766,763,,9/11/2019
223,34,153,,10/8/1997
224,234,660,,8/3/2019
225,915,428,560,1/18/2018
226,677,673,813,1/12/1997
227,11,765,615,6/22/2021
228,797,965,,4/13/2000
229,658,293,,7/11/2016
230,905,967,,2/17/2012
231,143,33,13,5/28/2002
232,819,882,,5/9/2002
233,99,932,,4/25/1994
234,449,29,,3/10/2000
235,988,137,,9/5/2012
236,921,17,,7/16/2004
237,533,571,,11/28/2007
238,515,228,,12/11/1996
239,161,872,873,7/7/2021
240,899,418,,12/20/1992
241,595,229,,8/22/2021
242,409,769,589,10/3/2011
243,337,809,,11/23/2005
244,913,997,,9/22/2008
245,111,637,,11/23/2016
246,480,776,122,5/21/2004
247,786,165,,12/3/1995
248,694,950,118,7/13/2017
249,701,252,,2/5/2004
250,819,532,,2/26/2008
251,148,685,,3/29/2006
252,524,477,,1/2/2000
253,6,3,770,8/21/2010
254,213,813,,12/9/2015
255,36,888,,6/12/2016
256,36,468,,9/13/2007
257,41,735,784,3/4/2004
258,679,266,18,1/23/2012
259,571,146,956,6/23/2017
260,195,644,,2/2/1996
261,645,833,,1/24/2020
262,537,485,791,6/9/1997
263,150,487,,10/21/1995
264,367,54,42,4/5/2020
265,961,246,,11/9/2019
266,558,630,,2/26/1993
267,532,191,,1/4/2014
268,171,65,487,11/5/2012
269,745,915,,1/25/1996
270,496,516,523,3/21/1994
271,703,935,,7/31/2017
272,312,900,,8/31/2008
273,834,88,305,4/5/2007
274,437,508,,7/8/1999
275,606,844,,7/20/2016
276,838,462,,2/21/2000
277,559,829,,9/15/2003
278,116,773,,1/22/2017
279,931,495,10,6/23/2009
280,956,82,12,6/27/2006
281,728,277,160,10/8/2008
282,94,240,,4/15/2020
283,968,5,,1/25/1998
284,132,95,,3/13/2000
285,461,162,968,5/21/2010
286,654,528,,6/19/2000
287,369,987,,3/17/1996
288,805,29,239,4/2/2005
289,753,461,,1/19/1992
290,434,353,,3/24/2018
291,428,274,,11/15/2009
292,48,117,,2/6/2005
293,169,848,,11/1/1998
294,560,302,,4/28/2014
295,826,677,101,12/5/1993
296,398,432,534,6/8/1993
297,571,422,853,10/29/2013
298,193,598,348,4/20/2001
299,152,353,,11/26/2001
300,65,503,,12/26/2013
301,592,911,,4/5/2014
302,621,611,,3/28/2019
303,677,184,,5/20/2014
304,204,64,,6/8/2007
305,309,27,853,10/27/2017
306,556,963,399,7/31/1997
307,411,952,384,11/15/2001
308,500,2,,5/6/1993
309,20,111,,5/27/1999
310,41,529,,4/21/2001
311,552,900,290,6/1/2022
312,719,175,,6/4/1995
313,566,110,,7/11/1993
314,615,567,,9/20/2012
315,222,302,,11/24/1999
316,902,360,,2/27/2006
317,681,547,,1/25/2002
318,677,770,778,11/29/2005
319,296,357,,6/1/2006
320,757,103,,2/5/2015
321,436,625,,2/16/2016
322,624,401,,8/13/2015
323,462,385,926,4/17/2010
324,446,697,631,4/6/2020
325,335,392,152,7/7/2018
326,849,573,,2/8/2008
327,221,30,,3/20/2003
328,5,189,113,2/22/2014
329,227,783,,2/15/2004
330,581,307,507,3/21/2019
331,852,697,,6/24/2006
332,136,471,,3/17/2018
333,155,167,688,12/29/1999
334,141,528,,5/22/1998
335,52,167,218,3/2/1995
336,948,816,,3/11/2006
337,857,335,,11/30/2008
338,466,883,,6/12/2014
339,411,190,,10/11/2002
340,596,727,,7/22/2002
341,68,740,,4/28/1997
342,415,515,,8/16/1996
343,421,750,,5/25/2016
344,298,534,,12/10/2020
345,453,481,,6/28/2018
346,351,123,,4/14/2000
347,653,578,260,5/18/2020
348,505,192,348,9/3/2006
349,804,504,,3/11/2011
350,47,418,,2/13/2010
351,935,833,449,7/11/1998
352,763,894,466,9/11/2011
353,148,322,,10/25/2013
354,729,726,,5/5/2007
355,555,837,,2/18/2018
356,812,597,,10/23/2013
357,846,817,,12/4/2009
358,82,348,200,12/7/2021
359,630,590,,6/1/2020
360,729,108,,10/31/1999
361,348,636,,2/4/2009
362,187,172,135,6/18/1992
363,301,598,,6/23/2015
364,384,666,,11/24/2010
365,962,926,750,8/4/2021
366,363,997,,1/15/2019
367,261,201,,12/27/2018
368,448,116,,1/13/2001
369,136,521,,6/25/2019
370,844,539,,5/21/2020
371,732,685,837,9/8/1991
372,780,102,,2/5/1997
373,543,470,,8/20/2013
374,197,692,,10/27/2018
375,523,297,,11/17/1995
376,945,373,,11/23/2011
377,789,559,,11/2/1999
378,457,546,470,8/23/2009
379,991,435,,9/23/1999
380,879,179,,11/14/1995
381,27,380,,4/15/2009
382,772,432,,10/7/2006
383,965,758,,10/22/1995
384,551,177,479,5/17/2003
385,130,17,,5/23/2014
386,572,954,,6/8/2018
387,868,664,,10/13/2013
388,772,198,,10/16/1992
389,505,597,,8/14/1994
390,995,555,,5/6/2006
391,363,12,,5/11/2006
392,354,458,,4/1/2014
393,934,673,706,9/8/2014
394,646,235,,12/15/2011
395,570,278,,1/9/1998
396,713,449,,3/26/2002
397,381,371,64,8/4/2016
398,492,912,,3/21/2020
399,161,556,216,3/16/2012
400,430,465,417,12/3/2002
401,978,736,,3/12/2014
402,896,394,239,3/5/2008
403,5,297,,3/24/2016
404,236,421,,10/4/2008
405,96,967,,5/23/2022
406,141,34,,1/21/2021
407,103,718,,7/24/2020
408,415,321,,10/11/2010
409,376,897,,12/1/2008
410,883,718,458,10/15/2007
411,69,122,,6/8/2017
412,633,11,,11/12/2004
413,812,906,,11/24/2009
414,522,806,655,9/12/2018
415,480,902,,2/21/2008
416,333,811,892,1/6/2010
417,463,537,843,4/5/2020
418,126,946,,4/16/2013
419,954,915,,9/30/1997
420,330,516,,5/11/1995
421,884,237,,4/14/2006
422,788,612,,11/8/1999
423,505,279,,5/24/2001
424,195,185,,6/2/2009
425,488,676,345,6/4/1999
426,133,597,,8/10/1996
427,153,225,,9/18/2010
428,427,350,366,10/23/2003
429,425,610,,4/25/2000
430,364,647,,10/7/2004
431,968,496,431,7/3/2019
432,449,963,,2/15/2016
433,181,503,29,9/25/2017
434,358,53,,4/30/1998
435,500,185,,4/12/1992
436,49,121,,11/12/2019
437,875,253,,10/11/1992
438,732,936,,10/14/1996
439,603,770,,1/6/2006
440,321,91,951,9/26/2021
441,609,137,,7/24/1996
442,277,121,,8/17/2007
443,934,233,192,1/13/2011
444,493,794,,3/2/1999
445,636,681,,6/22/2016
446,703,159,,6/24/2019
447,655,411,,12/14/1993
448,812,874,,10/8/2002
449,28,681,679,3/21/1993
450,996,238,106,9/4/2008
451,921,203,273,1/14/2007
452,211,699,,10/21/2017
453,210,930,708,6/15/2013
454,430,335,,7/28/2009
455,667,548,,2/26/2014
456,675,886,,3/26/2013
457,899,212,,10/22/2015
458,652,484,,12/15/1999
459,296,449,257,7/13/2016
460,318,362,,9/4/2017
461,127,67,,5/1/1997
462,490,475,,1/10/2000
463,270,550,,9/14/2001
464,611,762,746,3/5/2003
465,405,708,,10/9/1998
466,701,544,,9/30/2005
467,602,224,393,8/23/2015
468,446,86,938,9/15/1995
469,675,665,,10/19/1991
470,979,611,,9/30/2011
471,198,776,,10/6/2002
472,708,863,,8/14/2014
473,58,688,,9/26/2000
474,724,130,543,6/7/2004
475,452,135,,9/18/2010
476,325,586,,7/25/2012
477,770,904,,9/10/2007
478,211,228,,11/21/2021
479,427,942,,6/8/2014
480,815,103,,7/21/2014
481,21,309,747,5/1/2021
482,828,230,,6/5/2020
483,994,512,,11/4/1991
484,532,2,,8/15/2008
485,16,342,286,12/22/2008
486,23,474,255,3/14/2019
487,647,2,,9/11/2012
488,245,528,,10/2/2016
489,842,444,,12/23/2015
490,404,163,765,5/2/2017
491,315,388,,4/18/2005
492,605,369,536,1/20/2009
493,290,787,944,12/17/2005
494,16,402,,5/24/1999
495,485,828,800,12/27/2007
496,958,996,,10/24/2016
497,604,900,,3/16/1997
498,860,672,,12/2/1993
499,374,823,,10/14/1997
500,510,971,,10/17/1999
501,474,104,,6/11/1996
502,298,57,,6/1/2021
503,234,120,,1/10/2004
504,707,110,,1/27/2020
505,164,833,,8/24/1999
506,418,896,821,6/2/2003
507,738,23,,1/26/2022
508,197,768,532,6/1/1996
509,69,497,,10/18/2002
510,393,775,,12/3/2019
511,259,887,,10/20/2000
512,177,519,,1/29/2009
513,645,101,468,7/13/2019
514,799,433,,10/1/2008
515,824,379,578,2/22/2020
516,472,318,,6/23/2012
517,134,634,,1/18/2015
518,353,811,,7/29/2021
519,590,316,,11/28/2018
520,733,685,,7/14/1996
521,421,681,,1/6/2006
522,458,813,,2/15/1995
523,759,261,,11/20/2021
524,914,944,,9/30/2009
525,513,965,,1/19/2017
526,746,374,,12/29/1994
527,562,886,640,9/24/1997
528,549,861,454,8/4/2011
529,94,863,,12/19/2019
530,830,23,,6/3/2016
531,487,584,90,4/23/2018
532,696,233,,2/3/2005
533,876,219,,11/20/2001
534,220,694,,5/22/2002
535,10,705,,5/30/2003
536,127,347,,8/12/2021
537,493,443,,1/9/2016
538,966,133,,2/1/1999
539,990,131,829,4/2/2001
540,883,692,823,1/4/2015
541,242,30,,6/18/2011
542,268,364,,12/11/1993
543,636,813,41,6/17/2011
544,193,587,564,8/18/2012
545,967,259,,8/12/2003
546,679,588,,2/19/1998
547,695,700,,1/28/2010
548,769,486,,8/26/1997
549,618,187,,10/7/1998
550,249,734,,6/27/1996
551,129,126,,9/13/2013
552,756,36,960,6/4/2006
553,545,354,,8/18/2003
554,127,425,,8/16/2011
555,690,776,197,7/10/2011
556,504,654,,7/17/1995
557,150,789,537,3/3/1996
558,148,211,,8/27/2014
559,51,273,115,12/11/2010
560,703,399,768,11/24/2012
561,1000,732,,6/30/2000
562,821,102,231,7/31/2018
563,493,78,,10/26/1993
564,730,975,,3/21/1994
565,918,985,,11/9/2016
566,154,860,,3/15/2016
567,137,247,,11/27/1998
568,423,577,,4/3/1993
569,774,222,,9/17/2001
570,689,58,,9/25/1994
571,562,605,,3/16/1995
572,501,424,,2/21/2006
573,913,501,,10/8/2009
574,868,599,,9/11/1999
575,361,445,876,8/23/1995
576,586,812,,3/6/2018
577,998,465,,12/6/2000
578,486,901,,5/16/2016
579,287,244,,8/7/1997
580,970,957,,6/12/2001
581,106,969,,4/23/2013
582,483,700,36,2/19/2001
583,515,877,,3/19/1999
584,967,118,,1/4/2016
585,917,67,,4/27/1996
586,69,18,989,11/26/2001
587,636,661,339,1/12/2006
588,435,215,,7/31/2002
589,608,493,840,3/25/2011
590,742,769,453,8/23/1994
591,179,995,598,2/11/2010
592,970,544,,11/2/1996
593,622,892,,6/23/2021
594,124,378,,11/1/1991
595,432,589,712,12/18/1994
596,773,515,,5/17/2018
597,115,225,,11/5/1991
598,952,122,,9/6/2006
599,747,370,567,1/16/2011
600,771,349,,4/17/2008
601,767,579,116,11/9/1991
602,465,377,,1/14/1995
603,283,675,161,11/16/2005
604,181,997,,5/15/2019
605,255,950,281,10/7/2017
606,618,996,,5/15/2022
607,57,481,513,4/2/1999
608,399,967,,9/20/1994
609,100,477,,11/16/1991
610,779,68,,10/30/2006
611,288,851,,9/22/2018
612,790,661,,5/25/2013
613,647,820,,5/15/2021
614,701,185,,12/4/1993
615,835,627,,8/27/2009
616,289,738,419,6/13/2004
617,570,818,930,6/14/2016
618,264,815,,1/1/2017
619,35,500,187,6/25/1992
620,52,494,,7/16/2008
621,345,481,,10/11/2007
622,405,220,668,11/28/2016
623,752,660,,8/24/2014
624,627,544,,11/15/2012
625,382,720,,2/14/1999
626,310,250,,9/12/1999
627,835,557,,5/22/2021
628,291,68,,6/3/2001
629,959,993,,3/1/2020
630,509,888,883,11/5/2014
631,493,925,,4/3/2007
632,828,851,497,7/10/1996
633,739,78,862,7/11/2004
634,252,630,608,8/11/2000
635,434,544,823,5/6/1997
636,179,939,,9/15/2018
637,504,192,,11/8/2005
638,800,94,,7/15/2019
639,528,780,,8/25/2014
640,70,843,,8/24/2019
641,498,475,,1/5/1993
642,744,768,,3/9/2019
643,534,348,,6/14/2009
644,114,189,,2/19/2009
645,61,843,55,12/28/2009
646,798,807,728,6/8/1992
647,599,875,,9/11/2001
648,542,442,889,3/13/2010
649,648,951,,10/21/1996
650,31,441,,8/7/1992
651,553,793,,12/14/2007
652,774,952,,9/14/1991
653,114,980,156,7/9/2000
654,50,455,,3/10/2020
655,210,282,,7/15/1991
656,790,375,,4/17/2016
657,217,371,,1/6/2012
658,734,923,,3/18/1999
659,607,979,191,1/17/2003
660,276,266,,5/1/2002
661,853,559,,9/14/1992
662,308,502,,5/10/2013
663,206,650,442,12/4/2008
664,67,722,,7/19/2009
665,213,431,,12/2/1996
666,961,607,735,1/29/2021
667,327,645,,8/11/2021
668,601,584,434,1/26/1996
669,335,161,,7/26/1994
670,394,602,,5/8/1993
671,455,262,,7/15/2017
672,536,41,608,8/31/1998
673,446,890,185,11/24/1999
674,483,591,128,5/30/2015
675,826,164,,8/1/1994
676,595,41,,4/6/2019
677,808,208,,12/3/2013
678,7,25,,7/10/1992
679,855,731,,9/2/2020
680,471,905,335,4/19/2004
681,870,683,,11/8/2016
682,544,888,,11/20/2017
683,681,262,,11/13/2018
684,406,869,,7/4/2016
685,261,978,,12/21/1999
686,463,901,,4/26/2000
687,422,335,,5/10/2017
688,467,903,253,4/28/1992
689,106,975,,5/8/2003
690,598,599,,9/9/2012
691,326,546,98,9/4/1998
692,174,437,,1/27/2002
693,481,592,,9/10/1993
694,288,960,,4/27/2020
695,196,960,668,7/6/2006
696,690,205,,8/23/2012
697,926,639,,9/30/2010
698,682,280,,8/29/2019
699,79,897,,7/6/2007
700,415,839,,10/27/2004
701,692,29,,5/7/2019
702,623,561,,1/13/2015
703,372,764,,4/25/2008
704,988,97,900,11/28/2007
705,132,743,462,8/29/1995
706,241,801,497,4/9/2021
707,710,112,,2/20/2014
708,696,574,,7/27/2018
709,657,22,,3/25/1999
710,488,529,,2/10/2017
711,354,600,,11/19/2016
712,309,842,721,1/1/2007
713,880,914,,8/23/2015
714,36,845,,4/30/2001
715,904,484,,9/25/2009
716,842,526,,6/5/2012
717,362,763,,5/12/2019
718,731,398,349,6/16/2006
719,465,346,919,12/29/1992
720,676,592,,10/11/1998
721,202,509,,9/4/2021
722,969,939,,3/11/2014
723,78,192,1,10/21/1999
724,746,844,,4/9/2016
725,941,417,47,6/26/2013
726,453,601,,11/16/1992
727,379,215,,2/11/2019
728,3,781,827,3/12/2000
729,101,610,,7/30/2013
730,544,356,,8/18/2018
731,358,969,,11/12/1997
732,716,21,,4/17/2013
733,998,748,,10/14/2009
734,540,602,,3/29/2014
735,809,158,,9/14/2001
736,143,191,,1/3/2012
737,633,823,,7/3/2008
738,918,858,,1/16/1995
739,136,933,,2/20/2009
740,107,766,,11/15/2012
741,583,327,,11/14/1998
742,128,166,168,5/4/1992
743,964,910,,10/23/2002
744,650,160,,5/24/2014
745,761,411,,10/7/1993
746,901,306,,6/8/2001
747,919,112,,5/23/2009
748,85,7,,3/20/1999
749,862,206,450,11/16/2003
750,426,686,,11/5/2015
751,312,226,,4/8/2002
752,602,361,,7/4/1997
753,115,286,,11/18/2009
754,579,593,,4/11/2003
755,240,695,,2/1/1999
756,145,423,,11/21/2009
757,459,324,,3/19/2016
758,642,268,,12/20/2012
759,505,707,,8/6/2013
760,303,705,,11/28/2000
761,758,272,,1/12/2001
762,453,980,,7/21/1998
763,26,296,,11/25/1999
764,323,645,,6/30/1995
765,783,762,,11/23/2005
766,952,492,995,7/20/2018
767,203,7,,10/17/1997
768,119,878,,6/9/2018
769,974,321,,11/4/2020
770,426,659,757,4/6/1994
771,150,198,114,9/13/1994
772,962,346,,5/10/2021
773,308,264,,6/11/2006
774,291,666,,11/21/2010
775,118,408,,4/10/2005
776,273,297,,2/17/2013
777,924,956,164,11/29/2003
778,494,131,201,2/22/2011
779,495,842,541,7/31/2000
780,27,357,,6/4/2006
781,279,727,,12/19/1997
782,397,658,,5/30/2008
783,19,770,,4/1/1997
784,674,827,,8/17/2000
785,310,211,346,6/20/2000
786,376,746,609,12/26/2008
787,104,126,,6/4/2003
788,323,782,,9/11/2004
789,891,114,,11/14/1999
790,878,116,,5/16/2010
791,780,502,,4/9/2020
792,793,330,,4/11/1999
793,310,991,,11/11/2011
794,680,922,,6/10/2017
795,783,715,,7/28/2006
796,651,388,405,12/10/2016
797,578,829,,12/12/2009
798,720,172,,10/15/2007
799,696,550,,3/1/1992
800,40,6,,9/19/2021
801,852,542,955,8/27/1996
802,401,252,,11/8/2021
803,214,847,,8/2/1994
804,462,632,,6/28/1993
805,391,67,612,8/21/2005
806,519,624,,12/24/2013
807,38,813,,6/18/2013
808,43,711,,5/17/1992
809,341,266,,10/9/2002
810,455,943,971,7/29/1997
811,207,183,,4/22/2004
812,783,912,540,10/2/2011
813,105,171,717,2/17/2009
814,811,211,,5/21/2012
815,1,854,343,11/8/2013
816,197,471,,8/31/2010
817,408,595,567,3/7/1992
818,829,734,,2/17/1999
819,276,473,,9/28/2018
820,740,374,,9/28/2008
821,712,463,487,10/27/2009
822,511,640,255,2/18/2022
823,298,974,,3/3/2016
824,525,101,836,11/9/2016
825,325,887,,5/11/1992
826,445,490,,10/25/2012
827,597,530,,12/15/2009
828,338,863,365,6/5/2011
829,438,222,,6/30/1999
830,285,772,,2/25/2001
831,255,682,,10/8/1998
832,348,903,,9/15/2017
833,916,673,682,8/31/2010
834,639,926,,10/30/1999
835,131,672,,12/7/2002
836,550,253,,11/18/2010
837,373,610,,1/2/2015
838,205,578,,8/20/2018
839,460,528,193,4/27/2003
840,331,568,652,1/5/2019
841,916,382,,4/24/2016
842,881,967,,2/20/2009
843,330,94,,3/1/2011
844,747,754,910,2/9/2014
845,753,378,947,4/9/2016
846,275,868,630,9/10/2011
847,489,937,,8/26/2016
848,271,800,,2/16/2007
849,930,957,490,8/10/1993
850,810,332,,9/3/2017
851,461,421,,6/20/2003
852,829,948,,12/9/2021
853,835,267,804,7/27/2019
854,347,11,,2/14/2002
855,475,457,,7/24/2017
856,249,510,,8/16/1996
857,351,715,,1/29/2017
858,201,589,,10/6/2020
859,122,278,,5/23/2010
860,238,910,,3/12/1996
861,337,61,,5/12/2011
862,12,824,,1/28/1992
863,604,388,,10/5/1991
864,967,825,,2/5/1994
865,640,783,690,2/13/2002
866,459,347,,3/20/2014
867,373,125,,12/5/2002
868,997,425,,6/20/2001
869,930,774,794,3/31/1994
870,457,104,170,12/18/2018
871,925,796,,6/28/2010
872,613,116,,1/27/2008
873,157,620,507,6/7/2013
874,992,381,,10/25/1991
875,268,347,584,5/23/2021
876,695,790,,10/20/2014
877,486,50,,3/14/2002
878,226,599,,10/14/1995
879,242,436,950,7/25/1995
880,428,513,,8/5/2021
881,242,656,,6/28/1996
882,706,311,,4/17/2003
883,653,420,619,5/6/2010
884,104,152,285,12/29/1993
885,931,554,,12/6/1996
886,447,747,,6/7/1997
887,532,894,,10/3/2002
888,452,833,494,11/28/2018
889,217,142,,5/2/1992
890,444,578,501,1/20/2015
891,555,293,,11/30/2004
892,699,438,,12/14/2004
893,297,730,411,6/17/2011
894,863,999,,7/1/1995
895,531,989,81,10/10/2016
896,614,488,,12/10/2014
897,498,866,,1/13/2021
898,534,84,908,5/5/2013
899,573,193,475,4/14/1996
900,158,476,,5/9/2007
901,657,104,898,1/14/2001
902,86,738,,10/12/1992
903,535,965,986,12/11/2021
904,822,427,,10/24/1998
905,944,392,,8/21/2016
906,816,754,,4/6/2015
907,732,697,175,3/9/2013
908,575,809,,11/10/2002
909,805,757,329,4/6/1993
910,387,390,,10/12/2011
911,507,886,,11/14/2013
912,775,639,,12/27/1991
913,985,30,732,7/5/2010
914,825,748,153,12/9/2002
915,624,525,243,5/19/2000
916,496,815,26,12/26/2003
917,45,314,,8/22/2001
918,316,457,,5/3/2017
919,297,806,227,10/5/2011
920,662,406,,8/19/1998
921,889,858,183,3/10/2014
922,788,153,,2/13/1999
923,972,304,467,6/17/2014
924,18,239,,12/23/2013
925,370,391,270,7/26/1997
926,784,696,,4/23/1992
927,863,444,738,4/28/2007
928,764,501,,5/20/2013
929,975,967,50,7/5/2005
930,848,468,167,3/26/2001
931,623,120,501,6/10/1992
932,429,233,,9/16/2012
933,780,305,,12/13/1997
934,816,387,,4/10/2000
935,647,555,79,11/25/2019
936,252,598,,10/25/2000
937,514,599,360,8/9/1993
938,744,108,,12/31/2002
939,946,550,,1/19/1992
940,971,284,286,12/7/2019
941,989,238,,9/13/2021
942,235,364,,1/7/2015
943,466,272,,6/9/1993
944,762,328,,6/18/2002
945,926,506,,2/28/2002
946,133,689,271,3/24/2007
947,927,106,,11/6/1995
948,181,186,,12/5/2009
949,790,2,,2/18/1993
950,965,29,,11/24/2002
951,846,936,905,2/19/2014
952,129,154,576,5/12/2007
953,989,892,,2/19/2009
954,871,866,41,9/14/2019
955,102,526,,10/20/2015
956,14,305,,3/16/2010
957,301,750,,3/10/2011
958,271,489,,1/10/2000
959,529,807,,4/19/2000
960,910,83,,4/26/2015
961,845,228,238,6/20/1996
962,571,185,,9/14/2014
963,177,53,,5/10/2012
964,298,120,291,8/31/1994
965,582,950,,4/26/1998
966,967,41,,1/6/2001
967,450,444,,11/7/1997
968,535,663,,5/24/2011
969,879,172,,10/31/2009
970,389,65,,3/6/2001
971,872,416,4,2/25/2005
972,208,31,,9/12/2003
973,828,893,,2/13/2003
974,308,346,,1/13/2007
975,764,792,,2/2/1994
976,988,990,,11/27/1999
977,248,542,,4/11/1992
978,995,869,,12/5/1994
979,578,739,,5/20/2011
980,861,905,,8/30/2020
981,469,13,,6/21/2006
982,713,46,,11/20/1995
983,543,686,,7/9/2016
984,209,532,,11/26/1993
985,186,787,135,11/11/1998
986,431,606,,1/25/2020
987,782,214,,5/29/2004
988,37,632,,9/27/1999
989,52,269,,6/9/2008
990,240,473,,12/4/2007
991,455,798,,5/16/2012
992,936,582,,8/25/2006
993,779,287,416,12/4/1994
994,329,326,,8/14/1999
995,871,843,,7/11/2004
996,252,697,,11/3/1997
997,706,612,841,11/2/1995
998,9,728,630,6/28/2019
999,29,56,350,9/7/1998
1000,286,910,,3/15/2002